{
  "TimeDRL_acc": 0.9543478260869566,
  "TimeDRL_mf1": 0.9248487405862545,
  "TimeDRL_kappa": 0.8499328892423941,
  "supervised_100_acc": 0.951304347826087,
  "supervised_100_mf1": 0.9175209143395782,
  "supervised_100_kappa": 0.8355895098959032,
  "supervised_75_acc": 0.9431884057971015,
  "supervised_75_mf1": 0.9024186100207805,
  "supervised_75_kappa": 0.8055202118627494,
  "supervised_50_acc": 0.9417391304347826,
  "supervised_50_mf1": 0.8984177962001267,
  "supervised_50_kappa": 0.7977021272126741,
  "supervised_10_acc": 0.8782608695652174,
  "supervised_10_mf1": 0.7390176689901118,
  "supervised_10_kappa": 0.4941084053417124,
  "supervised_5_acc": 0.8,
  "supervised_5_mf1": 0.5462343455138102,
  "supervised_5_kappa": 0.1679773513683548,
  "fine_tuning_100_acc": 0.9539130434782609,
  "fine_tuning_100_mf1": 0.9239281292435498,
  "fine_tuning_100_kappa": 0.848115775899126,
  "fine_tuning_75_acc": 0.948695652173913,
  "fine_tuning_75_mf1": 0.9143865865168652,
  "fine_tuning_75_kappa": 0.8291717283616473,
  "fine_tuning_50_acc": 0.9543478260869566,
  "fine_tuning_50_mf1": 0.9248487405862545,
  "fine_tuning_50_kappa": 0.8499328892423941,
  "fine_tuning_10_acc": 0.9321739130434783,
  "fine_tuning_10_mf1": 0.8807933818399283,
  "fine_tuning_10_kappa": 0.7631292292457501,
  "fine_tuning_5_acc": 0.9291304347826087,
  "fine_tuning_5_mf1": 0.8745613075335823,
  "fine_tuning_5_kappa": 0.7509234898615429,
  "config": {
    "pretrain_optim": "AdamW",
    "pretrain_learning_rate": 1.0480464166492776e-05,
    "pretrain_lradj": "type1",
    "pretrain_weight_decay": 0.003944554512849766,
    "pretrain_epochs": 30,
    "contrastive_weight": 0.5,
    "linear_eval_optim": "AdamW",
    "linear_eval_learning_rate": 0.00010480464166492777,
    "linear_eval_lradj": "type1",
    "linear_eval_weight_decay": 0.002292430303927981,
    "linear_eval_epochs": 30,
    "pos_embed_type": "fixed",
    "token_embed_type": "conv",
    "token_embed_kernel_size": 3,
    "dropout": 0.3,
    "base_d_model": 64,
    "n_layers": 10,
    "n_heads": 7,
    "patch_len": 24,
    "stride": 24,
    "enable_channel_independence": false,
    "seq_len": 336
  }
}