{
  "TimeDRL_acc": 0.63,
  "TimeDRL_mf1": 0.6290726817042607,
  "TimeDRL_kappa": 0.26177174780526735,
  "supervised_100_acc": 0.55,
  "supervised_100_mf1": 0.5463252343986289,
  "supervised_100_kappa": 0.09711075441412531,
  "supervised_75_acc": 0.5066666666666667,
  "supervised_75_mf1": 0.5052594045284364,
  "supervised_75_kappa": 0.014909478168264156,
  "supervised_50_acc": 0.56,
  "supervised_50_mf1": 0.494485294117647,
  "supervised_50_kappa": 0.051724137931034586,
  "supervised_10_acc": 0.4,
  "supervised_10_mf1": 0.28571428571428575,
  "supervised_10_kappa": -0.36363636363636354,
  "supervised_5_acc": 0.4,
  "supervised_5_mf1": 0.28571428571428575,
  "supervised_5_kappa": 0,
  "fine_tuning_100_acc": 0.59,
  "fine_tuning_100_mf1": 0.5899589958995899,
  "fine_tuning_100_kappa": 0.18000000000000005,
  "fine_tuning_75_acc": 0.57,
  "fine_tuning_75_mf1": 0.5678826248618228,
  "fine_tuning_75_kappa": 0.14274322169059006,
  "fine_tuning_50_acc": 0.61,
  "fine_tuning_50_mf1": 0.60996099609961,
  "fine_tuning_50_kappa": 0.21999999999999997,
  "fine_tuning_10_acc": 0.59,
  "fine_tuning_10_mf1": 0.5777983729790959,
  "fine_tuning_10_kappa": 0.18586179507545675,
  "fine_tuning_5_acc": 0.48,
  "fine_tuning_5_mf1": 0.4120307553143374,
  "fine_tuning_5_kappa": -0.02564102564102555,
  "config": {
    "pretrain_optim": "AdamW",
    "pretrain_learning_rate": 0.00004392973991172927,
    "pretrain_lradj": "type3",
    "pretrain_weight_decay": 0.0001253321945731674,
    "pretrain_epochs": 30,
    "contrastive_weight": 1,
    "linear_eval_optim": "AdamW",
    "linear_eval_learning_rate": 0.0004392973991172927,
    "linear_eval_lradj": "constant",
    "linear_eval_weight_decay": 0.0008383237304772532,
    "linear_eval_epochs": 30,
    "pos_embed_type": "none",
    "token_embed_type": "conv",
    "token_embed_kernel_size": 7,
    "get_i": "cls",
    "dropout": 0.15,
    "base_d_model": 16,
    "n_layers": 6,
    "n_heads": 4,
    "patch_len": 16,
    "stride": 16,
    "enable_channel_independence": false,
    "seq_len": 96
  }
}