{
  "TimeDRL_acc": 0.951114922813036,
  "TimeDRL_mf1": 0.9512460332807982,
  "TimeDRL_kappa": 0.9456760325933996,
  "supervised_100_acc": 0.9428244711263579,
  "supervised_100_mf1": 0.9432299131857995,
  "supervised_100_kappa": 0.9364618861229163,
  "supervised_75_acc": 0.9142203583682806,
  "supervised_75_mf1": 0.9141087143521938,
  "supervised_75_kappa": 0.9046880233538769,
  "supervised_50_acc": 0.9251000571755289,
  "supervised_50_mf1": 0.9267015648645645,
  "supervised_50_kappa": 0.9167462132842549,
  "supervised_10_acc": 0.8997134670487106,
  "supervised_10_mf1": 0.898272153555936,
  "supervised_10_kappa": 0.8883445004067678,
  "supervised_5_acc": 0.8218390804597702,
  "supervised_5_mf1": 0.820359689372399,
  "supervised_5_kappa": 0.801216141514649,
  "fine_tuning_100_acc": 0.9616923956546598,
  "fine_tuning_100_mf1": 0.9615527545852102,
  "fine_tuning_100_kappa": 0.9574307395375043,
  "fine_tuning_75_acc": 0.9433962264150944,
  "fine_tuning_75_mf1": 0.9436098519572041,
  "fine_tuning_75_kappa": 0.9371069719234104,
  "fine_tuning_50_acc": 0.9545454545454546,
  "fine_tuning_50_mf1": 0.9545859258594767,
  "fine_tuning_50_kappa": 0.949491603184039,
  "fine_tuning_10_acc": 0.9351057747284163,
  "fine_tuning_10_mf1": 0.9355690158000153,
  "fine_tuning_10_kappa": 0.9278881113546487,
  "fine_tuning_5_acc": 0.900800457404231,
  "fine_tuning_5_mf1": 0.9014590238316815,
  "fine_tuning_5_kappa": 0.8897661679347552,
  "config": {
    "pretrain_optim": "AdamW",
    "pretrain_learning_rate": 0.0009876734880716242,
    "pretrain_lradj": "constant",
    "pretrain_weight_decay": 0.007639235616642546,
    "pretrain_epochs": 10,
    "contrastive_weight": 0.1,
    "linear_eval_optim": "AdamW",
    "linear_eval_learning_rate": 0.009876734880716243,
    "linear_eval_lradj": "constant",
    "linear_eval_weight_decay": 0.0019628159627978316,
    "linear_eval_epochs": 30,
    "pos_embed_type": "fixed",
    "token_embed_type": "conv",
    "token_embed_kernel_size": 5,
    "dropout": 0.3,
    "base_d_model": 128,
    "n_layers": 2,
    "n_heads": 5,
    "patch_len": 8,
    "stride": 4,
    "enable_channel_independence": false,
    "seq_len": 512
  }
}