{
  "TimeDRL_mse": 0.3508576324976462,
  "TimeDRL_mae": 0.3797890805930086,
  "supervised_100_mse": 0.3718143689909238,
  "supervised_100_mae": 0.3914661216551292,
  "supervised_75_mse": 0.36791974607095745,
  "supervised_75_mae": 0.3857744556267763,
  "supervised_50_mse": 0.37821696450953723,
  "supervised_50_mae": 0.3933465125329636,
  "supervised_10_mse": 0.44795796770562646,
  "supervised_10_mae": 0.43954904060543043,
  "supervised_5_mse": 0.45836011554058564,
  "supervised_5_mae": 0.4468042843463981,
  "fine_tuning_100_mse": 0.3508846306554778,
  "fine_tuning_100_mae": 0.3800332409690501,
  "fine_tuning_75_mse": 0.34933207549602396,
  "fine_tuning_75_mae": 0.37412242831403464,
  "fine_tuning_50_mse": 0.3534076719366665,
  "fine_tuning_50_mae": 0.37441288103399967,
  "fine_tuning_10_mse": 0.39362091630137014,
  "fine_tuning_10_mae": 0.39712753956756425,
  "fine_tuning_5_mse": 0.4269726843443736,
  "fine_tuning_5_mae": 0.42003515362739563,
  "config": {
    "pretrain_optim": "AdamW",
    "pretrain_learning_rate": 0.00001539724164540717,
    "pretrain_lradj": "type1",
    "pretrain_weight_decay": 0.00001459997082856859,
    "pretrain_epochs": 10,
    "contrastive_weight": 1,
    "linear_eval_optim": "AdamW",
    "linear_eval_learning_rate": 0.0001539724164540717,
    "linear_eval_lradj": "type3",
    "linear_eval_weight_decay": 0.00013622366837675549,
    "linear_eval_epochs": 30,
    "pos_embed_type": "learnable",
    "token_embed_type": "conv",
    "token_embed_kernel_size": 3,
    "get_i": "cls",
    "dropout": 0.1,
    "base_d_model": 128,
    "n_layers": 1,
    "n_heads": 1,
    "patch_len": 16,
    "stride": 16,
    "enable_channel_independence": true,
    "seq_len": 96
  }
}