{
  "TimeDRL_mse": 0.4267333027756702,
  "TimeDRL_mae": 0.4191279627171294,
  "supervised_100_mse": 0.4268642952641657,
  "supervised_100_mae": 0.420388729753329,
  "supervised_75_mse": 0.4311918154704891,
  "supervised_75_mae": 0.42476191440060973,
  "supervised_50_mse": 0.4558702025341452,
  "supervised_50_mae": 0.44405563110317464,
  "supervised_10_mse": 0.5850552751312298,
  "supervised_10_mae": 0.5174201239179168,
  "supervised_5_mse": 0.7746264765590396,
  "supervised_5_mae": 0.6156819118286383,
  "fine_tuning_100_mse": 0.4238489082806057,
  "fine_tuning_100_mae": 0.4181535072072687,
  "fine_tuning_75_mse": 0.4311480258515608,
  "fine_tuning_75_mae": 0.4245714648069599,
  "fine_tuning_50_mse": 0.445064376079856,
  "fine_tuning_50_mae": 0.43599382308721985,
  "fine_tuning_10_mse": 0.499641190100718,
  "fine_tuning_10_mae": 0.47324188181583265,
  "fine_tuning_5_mse": 0.575550809277409,
  "fine_tuning_5_mae": 0.5161998523938186,
  "config": {
    "pretrain_optim": "AdamW",
    "pretrain_learning_rate": 0.000044145883273922744,
    "pretrain_lradj": "constant",
    "pretrain_weight_decay": 0.0003504727507422583,
    "pretrain_epochs": 10,
    "contrastive_weight": 10,
    "linear_eval_optim": "AdamW",
    "linear_eval_learning_rate": 0.00044145883273922744,
    "linear_eval_lradj": "warmup",
    "linear_eval_weight_decay": 0.00035974625125195835,
    "linear_eval_epochs": 30,
    "pos_embed_type": "learnable",
    "token_embed_type": "conv",
    "token_embed_kernel_size": 7,
    "get_i": "cls",
    "dropout": 0.2,
    "base_d_model": 16,
    "n_layers": 1,
    "n_heads": 2,
    "patch_len": 16,
    "stride": 8,
    "enable_channel_independence": true,
    "seq_len": 168
  }
}