{
  "TimeDRL_mse": 0.3380135312961249,
  "TimeDRL_mae": 0.37061307648252434,
  "supervised_100_mse": 0.3583237692762301,
  "supervised_100_mae": 0.3860336719242411,
  "supervised_75_mse": 0.3769862610453983,
  "supervised_75_mae": 0.39891862507266723,
  "supervised_50_mse": 0.43190194837933416,
  "supervised_50_mae": 0.4354463393972969,
  "supervised_10_mse": 0.5984925961511246,
  "supervised_10_mae": 0.512904315504389,
  "supervised_5_mse": 0.7209466958029159,
  "supervised_5_mae": 0.5609017734164069,
  "fine_tuning_100_mse": 0.3353737314178126,
  "fine_tuning_100_mae": 0.36857420220507786,
  "fine_tuning_75_mse": 0.3484943877896748,
  "fine_tuning_75_mae": 0.3768691867655577,
  "fine_tuning_50_mse": 0.4198320766414282,
  "fine_tuning_50_mae": 0.43060747399830374,
  "fine_tuning_10_mse": 0.4091187603676528,
  "fine_tuning_10_mae": 0.41772641795044646,
  "fine_tuning_5_mse": 0.427991288756522,
  "fine_tuning_5_mae": 0.4291685133329795,
  "config": {
    "pretrain_optim": "AdamW",
    "pretrain_learning_rate": 0.000011071004362638668,
    "pretrain_lradj": "type1",
    "pretrain_weight_decay": 0.00179640036788247,
    "pretrain_epochs": 10,
    "contrastive_weight": 5,
    "linear_eval_optim": "AdamW",
    "linear_eval_learning_rate": 0.00011071004362638669,
    "linear_eval_lradj": "type1",
    "linear_eval_weight_decay": 0.004889857055109471,
    "linear_eval_epochs": 30,
    "pos_embed_type": "none",
    "token_embed_type": "conv",
    "token_embed_kernel_size": 7,
    "dropout": 0.1,
    "base_d_model": 16,
    "n_layers": 2,
    "n_heads": 1,
    "patch_len": 16,
    "stride": 8,
    "enable_channel_independence": true,
    "seq_len": 336
  }
}