{
  "TimeDRL_mse": 0.21485341054893617,
  "TimeDRL_mae": 0.2927484554618841,
  "supervised_100_mse": 0.22047421252959565,
  "supervised_100_mae": 0.2944002603196703,
  "supervised_75_mse": 0.2166955637008327,
  "supervised_75_mae": 0.2900178388652324,
  "supervised_50_mse": 0.2214185275084267,
  "supervised_50_mae": 0.2938343685510494,
  "supervised_10_mse": 0.2631279612320179,
  "supervised_10_mae": 0.32018924587011066,
  "supervised_5_mse": 0.2917567455384276,
  "supervised_5_mae": 0.34799326700328637,
  "fine_tuning_100_mse": 0.21358520231598285,
  "fine_tuning_100_mae": 0.29167475029307716,
  "fine_tuning_75_mse": 0.20880314009686582,
  "fine_tuning_75_mae": 0.2851048316210994,
  "fine_tuning_50_mse": 0.2134386250770723,
  "fine_tuning_50_mae": 0.28993502786629294,
  "fine_tuning_10_mse": 0.2429129895438741,
  "fine_tuning_10_mae": 0.3045823754184752,
  "fine_tuning_5_mse": 0.24769263968592245,
  "fine_tuning_5_mae": 0.31218612117409483,
  "config": {
    "pretrain_optim": "AdamW",
    "pretrain_learning_rate": 0.000016744363998806026,
    "pretrain_lradj": "type3",
    "pretrain_weight_decay": 0.0036616982557228874,
    "pretrain_epochs": 10,
    "contrastive_weight": 2.5,
    "linear_eval_optim": "AdamW",
    "linear_eval_learning_rate": 0.00016744363998806024,
    "linear_eval_lradj": "constant",
    "linear_eval_weight_decay": 0.008463485336373476,
    "linear_eval_epochs": 30,
    "pos_embed_type": "learnable",
    "token_embed_type": "conv",
    "token_embed_kernel_size": 7,
    "get_i": "cls",
    "dropout": 0.3,
    "base_d_model": 8,
    "n_layers": 2,
    "n_heads": 2,
    "patch_len": 16,
    "stride": 8,
    "enable_channel_independence": true,
    "seq_len": 336
  }
}