{
  "TimeDRL_mse": 0.15871419435298,
  "TimeDRL_mae": 0.2863674762072387,
  "supervised_100_mse": 0.16151503279253288,
  "supervised_100_mae": 0.2887430861261156,
  "supervised_75_mse": 0.16942057976016292,
  "supervised_75_mae": 0.29562837583047374,
  "supervised_50_mse": 0.16840870356118237,
  "supervised_50_mae": 0.2976580069683216,
  "supervised_10_mse": 0.25913525084654493,
  "supervised_10_mae": 0.3756738448584521,
  "supervised_5_mse": 0.37253075551103665,
  "supervised_5_mae": 0.4545039188861847,
  "fine_tuning_100_mse": 0.15947182244724697,
  "fine_tuning_100_mae": 0.28582421686914233,
  "fine_tuning_75_mse": 0.1598042804002762,
  "fine_tuning_75_mae": 0.2888263957147245,
  "fine_tuning_50_mse": 0.15298401820438878,
  "fine_tuning_50_mae": 0.28472229103247326,
  "fine_tuning_10_mse": 0.23028934955596925,
  "fine_tuning_10_mae": 0.35407920749099164,
  "fine_tuning_5_mse": 0.22024809890323216,
  "fine_tuning_5_mae": 0.34256520372849925,
  "config": {
    "pretrain_optim": "AdamW",
    "pretrain_learning_rate": 0.000052777106698263356,
    "pretrain_lradj": "warmup",
    "pretrain_weight_decay": 0.0011291518901364581,
    "pretrain_epochs": 10,
    "contrastive_weight": 1,
    "linear_eval_optim": "AdamW",
    "linear_eval_learning_rate": 0.0005277710669826335,
    "linear_eval_lradj": "constant",
    "linear_eval_weight_decay": 0.00004034093427032649,
    "linear_eval_epochs": 30,
    "pos_embed_type": "none",
    "token_embed_type": "conv",
    "token_embed_kernel_size": 3,
    "get_i": "cls",
    "dropout": 0.15,
    "base_d_model": 16,
    "n_layers": 1,
    "n_heads": 1,
    "patch_len": 16,
    "stride": 8,
    "enable_channel_independence": true,
    "seq_len": 336
  }
}