{
  "TimeDRL_mse": 0.2175498810592095,
  "TimeDRL_mae": 0.25416548434045844,
  "supervised_100_mse": 0.2232735726409123,
  "supervised_100_mae": 0.25688447580574747,
  "supervised_75_mse": 0.22484070197397155,
  "supervised_75_mae": 0.2575384653814502,
  "supervised_50_mse": 0.2290284202246996,
  "supervised_50_mae": 0.2605364497304193,
  "supervised_10_mse": 0.22935866208648617,
  "supervised_10_mae": 0.2681699154508468,
  "supervised_5_mse": 0.2423584304844786,
  "supervised_5_mae": 0.2822847393744708,
  "fine_tuning_100_mse": 0.2177002023886839,
  "fine_tuning_100_mae": 0.254018322368915,
  "fine_tuning_75_mse": 0.21948510612408903,
  "fine_tuning_75_mae": 0.255437329497707,
  "fine_tuning_50_mse": 0.21834574009098237,
  "fine_tuning_50_mae": 0.25247154675346517,
  "fine_tuning_10_mse": 0.21681655006108944,
  "fine_tuning_10_mae": 0.2536805369106444,
  "fine_tuning_5_mse": 0.22914609158281604,
  "fine_tuning_5_mae": 0.2697097060076298,
  "config": {
    "pretrain_optim": "AdamW",
    "pretrain_learning_rate": 0.00001539724164540717,
    "pretrain_lradj": "type1",
    "pretrain_weight_decay": 0.00001459997082856859,
    "pretrain_epochs": 10,
    "contrastive_weight": 1,
    "linear_eval_optim": "AdamW",
    "linear_eval_learning_rate": 0.0001539724164540717,
    "linear_eval_lradj": "type3",
    "linear_eval_weight_decay": 0.00013622366837675549,
    "linear_eval_epochs": 30,
    "pos_embed_type": "learnable",
    "token_embed_type": "conv",
    "token_embed_kernel_size": 3,
    "get_i": "cls",
    "dropout": 0.1,
    "base_d_model": 128,
    "n_layers": 1,
    "n_heads": 1,
    "patch_len": 16,
    "stride": 16,
    "enable_channel_independence": true,
    "seq_len": 96
  }
}