{
  "TimeDRL_acc": 0.9582608695652174,
  "TimeDRL_mf1": 0.934568937314197,
  "TimeDRL_kappa": 0.8691454749106597,
  "get_i_last_acc": 0.7978260869565217,
  "get_i_last_mf1": 0.4437726723095526,
  "get_i_last_kappa": 0.0,
  "get_i_gap_acc": 0.7978260869565217,
  "get_i_gap_mf1": 0.4437726723095526,
  "get_i_gap_kappa": 0.0,
  "get_i_all_acc": 0.7978260869565217,
  "get_i_all_mf1": 0.4437726723095526,
  "get_i_all_kappa": 0.0,
  "no_stop_gradient_acc": 0.7978260869565217,
  "no_stop_gradient_mf1": 0.4437726723095526,
  "no_stop_gradient_kappa": 0.0,
  "config": {
    "pretrain_optim": "AdamW",
    "pretrain_learning_rate": 0.0013913836135352505,
    "pretrain_lradj": "type3",
    "pretrain_weight_decay": 0.00036086952497414883,
    "pretrain_epochs": 30,
    "contrastive_weight": 0.5,
    "linear_eval_optim": "AdamW",
    "linear_eval_learning_rate": 0.013913836135352506,
    "linear_eval_lradj": "type1",
    "linear_eval_weight_decay": 0.0003999649825113502,
    "linear_eval_epochs": 30,
    "pos_embed_type": "learnable",
    "token_embed_type": "conv",
    "token_embed_kernel_size": 5,
    "dropout": 0.15,
    "base_d_model": 32,
    "n_layers": 10,
    "n_heads": 10,
    "patch_len": 16,
    "stride": 8,
    "enable_channel_independence": false,
    "seq_len": 512
  }
}