{
  "TimeDRL_acc": 0.63,
  "TimeDRL_mf1": 0.62996299629963,
  "TimeDRL_kappa": 0.2605915267785771,
  "get_i_last_acc": 0.57,
  "get_i_last_mf1": 0.562608076492727,
  "get_i_last_kappa": 0.14478918058870327,
  "get_i_gap_acc": 0.51,
  "get_i_gap_mf1": 0.45011783189316573,
  "get_i_gap_kappa": 0.03314917127071837,
  "get_i_all_acc": 0.6,
  "get_i_all_mf1": 0.5894909688013136,
  "get_i_all_kappa": 0.1951710261569417,
  "no_stop_gradient_acc": 0.56,
  "no_stop_gradient_mf1": 0.5584102769971899,
  "no_stop_gradient_kappa": 0.12245712006382126,
  "config": {
    "pretrain_optim": "AdamW",
    "pretrain_learning_rate": 0.00011115770721310274,
    "pretrain_lradj": "constant",
    "pretrain_weight_decay": 0.004999241425071761,
    "pretrain_epochs": 30,
    "contrastive_weight": 0.25,
    "linear_eval_optim": "AdamW",
    "linear_eval_learning_rate": 0.0011115770721310274,
    "linear_eval_lradj": "type3",
    "linear_eval_weight_decay": 0.00035400387180631684,
    "linear_eval_epochs": 30,
    "pos_embed_type": "none",
    "token_embed_type": "conv",
    "token_embed_kernel_size": 5,
    "get_i": "cls",
    "dropout": 0.15,
    "base_d_model": 8,
    "n_layers": 7,
    "n_heads": 8,
    "patch_len": 32,
    "stride": 32,
    "enable_channel_independence": false,
    "seq_len": 168
  }
}