{
  "TimeDRL_mse": 0.4182242557126308,
  "TimeDRL_mae": 0.42723656559711093,
  "no_pred_mse": 0.42326263723626506,
  "no_pred_mae": 0.4297149074042454,
  "no_contrast_mse": 0.5052515128596524,
  "no_contrast_mae": 0.4786992535527852,
  "aug_jitter_mse": 0.4615435383107185,
  "aug_jitter_mae": 0.45753992934684845,
  "aug_scaling_mse": 0.5339362172240311,
  "aug_scaling_mae": 0.49295495870673167,
  "aug_rotation_mse": 0.7032273842363045,
  "aug_rotation_mae": 0.5690914966657599,
  "aug_permutation_mse": 0.6067905548837762,
  "aug_permutation_mae": 0.5177973741277575,
  "aug_masking_mse": 0.4381328769003471,
  "aug_masking_mae": 0.4362458087643969,
  "aug_cropping_mse": 0.4624404121029654,
  "aug_cropping_mae": 0.4532538471277288,
  "transformer_decoder_mse": 0.4653114867504786,
  "transformer_decoder_mae": 0.4502750737307654,
  "resnet_mse": 0.5761312144381773,
  "resnet_mae": 0.5129118855044361,
  "tcn_mse": 0.5174146917663375,
  "tcn_mae": 0.4835738684038724,
  "lstm_mse": 0.443,
  "lstm_mae": 0.443,
  "config": {
    "pretrain_optim": "AdamW",
    "pretrain_learning_rate": 0.00015568495820019352,
    "pretrain_lradj": "type3",
    "pretrain_weight_decay": 0.0017593837866423953,
    "pretrain_epochs": 10,
    "contrastive_weight": 10,
    "linear_eval_optim": "AdamW",
    "linear_eval_learning_rate": 0.0015568495820019353,
    "linear_eval_lradj": "type3",
    "linear_eval_weight_decay": 0.00031847843806897695,
    "linear_eval_epochs": 30,
    "pos_embed_type": "learnable",
    "token_embed_type": "conv",
    "token_embed_kernel_size": 7,
    "get_i": "cls",
    "dropout": 0.3,
    "base_d_model": 64,
    "n_layers": 2,
    "n_heads": 2,
    "patch_len": 16,
    "stride": 8,
    "enable_channel_independence": true,
    "seq_len": 336
  }
}