{
  "TimeDRL_mse": 0.1464283374614186,
  "TimeDRL_mae": 0.27859206009794163,
  "aug_jitter_mse": 0.14944671352704367,
  "aug_jitter_mae": 0.27976349481829893,
  "aug_scaling_mse": 0.2559079767929183,
  "aug_scaling_mae": 0.35805085462552527,
  "aug_rotation_mse": 0.4018871298321971,
  "aug_rotation_mae": 0.4735704934817773,
  "aug_permutation_mse": 0.19874991361741667,
  "aug_permutation_mae": 0.3267425181689086,
  "aug_masking_mse": 0.16029453992291734,
  "aug_masking_mae": 0.2915845857836582,
  "aug_cropping_mse": 0.21627616422043908,
  "aug_cropping_mae": 0.337286083234681,
  "transformer_decoder_mse": 0.15855386756084583,
  "transformer_decoder_mae": 0.28796813448270164,
  "resnet_mse": 0.16033178553537086,
  "resnet_mae": 0.28896196089409015,
  "tcn_mse": 0.14808681505697746,
  "tcn_mae": 0.2793059770707731,
  "lstm_mse": 0.1602806062389303,
  "lstm_mae": 0.2868695000807444,
  "bilstm_mse": 0.15319916306822387,
  "bilstm_mae": 0.2800957226753235,
  "config": {
    "pretrain_optim": "AdamW",
    "pretrain_learning_rate": 0.00017136935532693613,
    "pretrain_lradj": "constant",
    "pretrain_weight_decay": 0.0005826863123920288,
    "pretrain_epochs": 10,
    "contrastive_weight": 5.0,
    "linear_eval_optim": "AdamW",
    "linear_eval_learning_rate": 0.0017136935532693614,
    "linear_eval_lradj": "warmup",
    "linear_eval_weight_decay": 3.643490246619255e-05,
    "linear_eval_epochs": 30,
    "pos_embed_type": "learnable",
    "token_embed_type": "conv",
    "token_embed_kernel_size": 3,
    "get_i": "cls",
    "dropout": 0.2,
    "base_d_model": 16,
    "n_layers": 1,
    "n_heads": 1,
    "patch_len": 16,
    "stride": 16,
    "enable_channel_independence": true,
    "seq_len": 336
  }
}