{
  "TimeDRL_mse": 0.5147041009661459,
  "TimeDRL_mae": 0.4790414235181489,
  "lambda_0001_mse": 0.9118469723291253,
  "lambda_0001_mae": 0.6341959011541536,
  "lambda_001_mse": 0.5870575042962588,
  "lambda_001_mae": 0.5060450140945683,
  "lambda_01_mse": 0.4992063931332626,
  "lambda_01_mae": 0.46793241433626254,
  "lambda_1_mse": 0.5125899183939094,
  "lambda_1_mae": 0.47848995985072607,
  "lambda_10_mse": 0.49381324559878564,
  "lambda_10_mae": 0.468928750265229,
  "lambda_100_mse": 0.6155053262028622,
  "lambda_100_mae": 0.5290329568815811,
  "lambda_1000_mse": 0.7269757230519984,
  "lambda_1000_mae": 0.5713680012393956,
  "config": {
    "pretrain_optim": "AdamW",
    "pretrain_learning_rate": 0.0005747851659416981,
    "pretrain_lradj": "warmup",
    "pretrain_weight_decay": 0.0001903847476430314,
    "pretrain_epochs": 10,
    "contrastive_weight": 10.0,
    "linear_eval_optim": "AdamW",
    "linear_eval_learning_rate": 0.005747851659416981,
    "linear_eval_lradj": "type3",
    "linear_eval_weight_decay": 0.007398901674080047,
    "linear_eval_epochs": 30,
    "pos_embed_type": "fixed",
    "token_embed_type": "conv",
    "token_embed_kernel_size": 3,
    "get_i": "cls",
    "dropout": 0.15,
    "base_d_model": 128,
    "n_layers": 2,
    "n_heads": 2,
    "patch_len": 16,
    "stride": 8,
    "enable_channel_independence": true,
    "seq_len": 168
  }
}