{
  "TimeDRL_acc": 0.49,
  "TimeDRL_mf1": 0.4748223663886315,
  "TimeDRL_kappa": -0.02657004830917864,
  "contrastive_weight_0001_acc": 0.48,
  "contrastive_weight_0001_mf1": 0.45355191256830596,
  "contrastive_weight_0001_kappa": -0.030519223147047247,
  "contrastive_weight_001_acc": 0.54,
  "contrastive_weight_001_mf1": 0.4295634920634921,
  "contrastive_weight_001_kappa": 0.06389906389906386,
  "contrastive_weight_01_acc": 0.61,
  "contrastive_weight_01_mf1": 0.6090225563909775,
  "contrastive_weight_01_kappa": 0.2218675179569034,
  "contrastive_weight_1_acc": 0.56,
  "contrastive_weight_1_mf1": 0.5592948717948718,
  "contrastive_weight_1_kappa": 0.11894273127753296,
  "contrastive_weight_10_acc": 0.54,
  "contrastive_weight_10_mf1": 0.4295634920634921,
  "contrastive_weight_10_kappa": 0.06389906389906386,
  "contrastive_weight_100_acc": 0.49,
  "contrastive_weight_100_mf1": 0.4858352656517794,
  "contrastive_weight_100_kappa": -0.02327447833065799,
  "contrastive_weight_1000_acc": 0.45,
  "contrastive_weight_1000_mf1": 0.44729172947442475,
  "contrastive_weight_1000_kappa": -0.09649122807017552,
  "config": {
    "pretrain_optim": "AdamW",
    "pretrain_learning_rate": 1.8871896858503573e-05,
    "pretrain_lradj": "type1",
    "pretrain_weight_decay": 0.0002602744386325935,
    "pretrain_epochs": 10,
    "contrastive_weight": 0.1,
    "linear_eval_optim": "AdamW",
    "linear_eval_learning_rate": 0.00018871896858503574,
    "linear_eval_lradj": "warmup",
    "linear_eval_weight_decay": 0.0010471281379273506,
    "linear_eval_epochs": 30,
    "pos_embed_type": "fixed",
    "token_embed_type": "conv",
    "token_embed_kernel_size": 7,
    "dropout": 0.05,
    "base_d_model": 16,
    "n_layers": 5,
    "n_heads": 1,
    "patch_len": 32,
    "stride": 32,
    "enable_channel_independence": false,
    "seq_len": 96
  }
}