{
  "avg_mse": 0.1465046737298934,
  "avg_mae": 0.29737912453626203,
  "24_mse": 0.07022900179440549,
  "24_mae": 0.20511805132360028,
  "48_mse": 0.09723704630437353,
  "48_mae": 0.2412065841728329,
  "168_mse": 0.16581744064912995,
  "168_mae": 0.32307435392542516,
  "336_mse": 0.17698153671909175,
  "336_mae": 0.33999418673674575,
  "720_mse": 0.22225834318246626,
  "720_mae": 0.3775024465227061,
  "config": {
    "pretrain_optim": "AdamW",
    "pretrain_learning_rate": 0.000012087940166516226,
    "pretrain_lradj": "type3",
    "pretrain_weight_decay": 0.0002657345328254356,
    "pretrain_epochs": 10,
    "contrastive_weight": 0.25,
    "linear_eval_optim": "AdamW",
    "linear_eval_learning_rate": 0.00012087940166516226,
    "linear_eval_lradj": "constant",
    "linear_eval_weight_decay": 0.000022168082483113196,
    "linear_eval_epochs": 30,
    "pos_embed_type": "learnable",
    "token_embed_type": "conv",
    "token_embed_kernel_size": 7,
    "dropout": 0.15,
    "base_d_model": 128,
    "n_layers": 1,
    "n_heads": 1,
    "patch_len": 16,
    "stride": 16,
    "enable_channel_independence": true,
    "seq_len": 512
  }
}