{
  "avg_mse": 0.06090218622141789,
  "avg_mae": 0.1875186717063391,
  "24_mse": 0.027253153573853342,
  "24_mae": 0.1264813931141861,
  "48_mse": 0.039738175654806855,
  "48_mae": 0.1520205277290775,
  "168_mse": 0.06834716191793384,
  "168_mae": 0.20003637124966572,
  "336_mse": 0.08360879757608083,
  "336_mae": 0.22788965128259714,
  "720_mse": 0.08556364238441459,
  "720_mae": 0.23116541515616895,
  "config": {
    "pretrain_optim": "AdamW",
    "pretrain_learning_rate": 0.00001146185984516956,
    "pretrain_lradj": "constant",
    "pretrain_weight_decay": 0.001405005814914791,
    "pretrain_epochs": 10,
    "contrastive_weight": 5,
    "linear_eval_optim": "AdamW",
    "linear_eval_learning_rate": 0.0001146185984516956,
    "linear_eval_lradj": "warmup",
    "linear_eval_weight_decay": 0.0016881118584034535,
    "linear_eval_epochs": 30,
    "pos_embed_type": "fixed",
    "token_embed_type": "conv",
    "token_embed_kernel_size": 3,
    "dropout": 0.3,
    "base_d_model": 128,
    "n_layers": 2,
    "n_heads": 1,
    "patch_len": 16,
    "stride": 16,
    "enable_channel_independence": true,
    "seq_len": 168
  }
}