{
  "avg_mse": 0.08534283839190326,
  "avg_mae": 0.2054265816782174,
  "24_mse": 0.024151928337919324,
  "24_mae": 0.10402445454172148,
  "48_mse": 0.048251806979059425,
  "48_mae": 0.15534260772460218,
  "96_mse": 0.06530457757234051,
  "96_mae": 0.18709221055653738,
  "288_mse": 0.11685463385838048,
  "288_mae": 0.25845972652810134,
  "672_mse": 0.17215124521181654,
  "672_mae": 0.3222139090401246,
  "config": {
    "pretrain_optim": "AdamW",
    "pretrain_learning_rate": 0.00009246234676674871,
    "pretrain_lradj": "constant",
    "pretrain_weight_decay": 0.0002080276016465926,
    "pretrain_epochs": 10,
    "contrastive_weight": 2.5,
    "linear_eval_optim": "AdamW",
    "linear_eval_learning_rate": 0.000924623467667487,
    "linear_eval_lradj": "warmup",
    "linear_eval_weight_decay": 0.000013535197935536522,
    "linear_eval_epochs": 30,
    "pos_embed_type": "none",
    "token_embed_type": "conv",
    "token_embed_kernel_size": 5,
    "dropout": 0.05,
    "base_d_model": 16,
    "n_layers": 2,
    "n_heads": 2,
    "patch_len": 16,
    "stride": 16,
    "enable_channel_independence": true,
    "seq_len": 168
  }
}