{
  "avg_mse": 0.035982049170797184,
  "avg_mae": 0.1375228157115335,
  "24_mse": 0.011563536591148718,
  "24_mae": 0.07973008824489194,
  "48_mse": 0.01889730135645663,
  "48_mae": 0.10460324292038288,
  "96_mse": 0.028300796028234765,
  "96_mae": 0.12904389850681147,
  "288_mse": 0.05080231038365521,
  "288_mae": 0.17273880948708806,
  "672_mse": 0.07034630149449057,
  "672_mae": 0.20149803939849312,
  "config": {
    "pretrain_optim": "AdamW",
    "pretrain_learning_rate": 0.00038513283537886726,
    "pretrain_lradj": "constant",
    "pretrain_weight_decay": 0.0004949769175182648,
    "pretrain_epochs": 10,
    "contrastive_weight": 0.1,
    "linear_eval_optim": "AdamW",
    "linear_eval_learning_rate": 0.0038513283537886726,
    "linear_eval_lradj": "type3",
    "linear_eval_weight_decay": 0.00009158268522629222,
    "linear_eval_epochs": 30,
    "pos_embed_type": "fixed",
    "token_embed_type": "conv",
    "token_embed_kernel_size": 7,
    "get_i": "cls",
    "dropout": 0.05,
    "base_d_model": 8,
    "n_layers": 2,
    "n_heads": 1,
    "patch_len": 16,
    "stride": 16,
    "enable_channel_independence": true,
    "seq_len": 512
  }
}