{
  "avg_mse": 0.34551536528294136,
  "avg_mae": 0.3745574216727673,
  "24_mse": 0.02567695051810668,
  "24_mae": 0.1223689885722745,
  "48_mse": 0.046574731596878596,
  "48_mae": 0.16295836993626187,
  "168_mse": 0.17372944389228467,
  "168_mae": 0.30889993062725773,
  "336_mse": 0.41202918973368435,
  "336_mae": 0.4854831400054764,
  "720_mse": 1.0695665106737524,
  "720_mae": 0.7930766792225659,
  "config": {
    "pretrain_optim": "AdamW",
    "pretrain_learning_rate": 0.00001163853061418773,
    "pretrain_lradj": "warmup",
    "pretrain_weight_decay": 0.00014951444218853064,
    "pretrain_epochs": 10,
    "contrastive_weight": 1,
    "linear_eval_optim": "AdamW",
    "linear_eval_learning_rate": 0.0001163853061418773,
    "linear_eval_lradj": "type3",
    "linear_eval_weight_decay": 0.0005368319117993841,
    "linear_eval_epochs": 30,
    "pos_embed_type": "fixed",
    "token_embed_type": "conv",
    "token_embed_kernel_size": 7,
    "dropout": 0.05,
    "base_d_model": 16,
    "n_layers": 2,
    "n_heads": 2,
    "patch_len": 16,
    "stride": 8,
    "enable_channel_independence": true,
    "seq_len": 96
  }
}