{
  "avg_mse": 0.04311731547604493,
  "avg_mae": 0.1274017889786329,
  "24_mse": 0.004891603171994386,
  "24_mae": 0.0515773769619688,
  "48_mse": 0.0017441726415059033,
  "48_mae": 0.03168502419773706,
  "168_mse": 0.016713529190919917,
  "168_mae": 0.09500159029559743,
  "336_mse": 0.06671720682758354,
  "336_mae": 0.19027944618886428,
  "720_mse": 0.12552006554822087,
  "720_mae": 0.268465507248997,
  "config": {
    "pretrain_optim": "AdamW",
    "pretrain_learning_rate": 0.002810476358316583,
    "pretrain_lradj": "type1",
    "pretrain_weight_decay": 0.008743225453392263,
    "pretrain_epochs": 10,
    "contrastive_weight": 5,
    "linear_eval_optim": "AdamW",
    "linear_eval_learning_rate": 0.028104763583165833,
    "linear_eval_lradj": "constant",
    "linear_eval_weight_decay": 0.000601601831205389,
    "linear_eval_epochs": 30,
    "pos_embed_type": "none",
    "token_embed_type": "conv",
    "token_embed_kernel_size": 3,
    "dropout": 0.2,
    "base_d_model": 16,
    "n_layers": 2,
    "n_heads": 2,
    "patch_len": 16,
    "stride": 8,
    "enable_channel_independence": true,
    "seq_len": 512
  }
}