{
  "avg_mse": 0.3948863295205154,
  "avg_mae": 0.42087382701982146,
  "24_mse": 0.32718716618645055,
  "24_mae": 0.3778118313318539,
  "48_mse": 0.3528697588630586,
  "48_mae": 0.391936377137952,
  "168_mse": 0.41087679993917353,
  "168_mae": 0.4274087185421159,
  "336_mse": 0.43725288996293643,
  "336_mae": 0.446481082949985,
  "720_mse": 0.4462450326509577,
  "720_mae": 0.4607311251372002,
  "config": {
    "pretrain_optim": "AdamW",
    "pretrain_learning_rate": 0.000021350270238434573,
    "pretrain_lradj": "type1",
    "pretrain_weight_decay": 0.005551156847369134,
    "pretrain_epochs": 10,
    "contrastive_weight": 0.5,
    "linear_eval_optim": "AdamW",
    "linear_eval_learning_rate": 0.00021350270238434574,
    "linear_eval_lradj": "warmup",
    "linear_eval_weight_decay": 0.000016413821615923124,
    "linear_eval_epochs": 30,
    "pos_embed_type": "learnable",
    "token_embed_type": "conv",
    "token_embed_kernel_size": 3,
    "dropout": 0.2,
    "base_d_model": 64,
    "n_layers": 1,
    "n_heads": 2,
    "patch_len": 16,
    "stride": 16,
    "enable_channel_independence": true,
    "seq_len": 512
  }
}