{
  "avg_mse": 0.3025838459337885,
  "avg_mae": 0.359733246699791,
  "24_mse": 0.1826086154727198,
  "24_mae": 0.2786497236299565,
  "48_mse": 0.22942308045626528,
  "48_mae": 0.30832382715236495,
  "168_mse": 0.33376129050119485,
  "168_mae": 0.3764514607166919,
  "336_mse": 0.37208019398987174,
  "336_mae": 0.4068519535842251,
  "720_mse": 0.39504604924889086,
  "720_mae": 0.42838926841571673,
  "config": {
    "pretrain_optim": "AdamW",
    "pretrain_learning_rate": 0.00005062244158648808,
    "pretrain_lradj": "type1",
    "pretrain_weight_decay": 0.0001240565143033434,
    "pretrain_epochs": 10,
    "contrastive_weight": 0.25,
    "linear_eval_optim": "AdamW",
    "linear_eval_learning_rate": 0.0005062244158648808,
    "linear_eval_lradj": "type1",
    "linear_eval_weight_decay": 0.0006439679977497561,
    "linear_eval_epochs": 30,
    "pos_embed_type": "none",
    "token_embed_type": "conv",
    "token_embed_kernel_size": 5,
    "dropout": 0.2,
    "base_d_model": 8,
    "n_layers": 1,
    "n_heads": 2,
    "patch_len": 16,
    "stride": 16,
    "enable_channel_independence": true,
    "seq_len": 336
  }
}