{
  "avg_mse": 0.2079668142759506,
  "avg_mae": 0.28266251725576025,
  "24_mse": 0.10374495055601993,
  "24_mae": 0.205426480273423,
  "48_mse": 0.138219291512967,
  "48_mae": 0.2363904422405738,
  "96_mse": 0.1742870005332667,
  "96_mae": 0.26503068775003796,
  "288_mse": 0.2699952934175759,
  "288_mae": 0.3256915514317177,
  "672_mse": 0.35358753535992343,
  "672_mae": 0.3807734245830488,
  "config": {
    "pretrain_optim": "AdamW",
    "pretrain_learning_rate": 0.00012010510793223963,
    "pretrain_lradj": "constant",
    "pretrain_weight_decay": 0.00007171811325925228,
    "pretrain_epochs": 10,
    "contrastive_weight": 0.5,
    "linear_eval_optim": "AdamW",
    "linear_eval_learning_rate": 0.0012010510793223964,
    "linear_eval_lradj": "constant",
    "linear_eval_weight_decay": 0.003557570893980924,
    "linear_eval_epochs": 30,
    "pos_embed_type": "learnable",
    "token_embed_type": "conv",
    "token_embed_kernel_size": 7,
    "dropout": 0.05,
    "base_d_model": 16,
    "n_layers": 2,
    "n_heads": 2,
    "patch_len": 16,
    "stride": 16,
    "enable_channel_independence": true,
    "seq_len": 336
  }
}