{
  "avg_mse": 0.3205226261552621,
  "avg_mae": 0.3635135263823508,
  "24_mse": 0.21673311990811076,
  "24_mae": 0.29947710464034294,
  "48_mse": 0.27870519865513016,
  "48_mae": 0.3394929330776846,
  "96_mse": 0.301969687630885,
  "96_mae": 0.35693002084673625,
  "288_mse": 0.37656309464454735,
  "288_mae": 0.398004803026199,
  "672_mse": 0.4286420299376372,
  "672_mae": 0.4236627703207914,
  "config": {
    "pretrain_optim": "AdamW",
    "pretrain_learning_rate": 0.000021350270238434573,
    "pretrain_lradj": "type1",
    "pretrain_weight_decay": 0.005551156847369134,
    "pretrain_epochs": 10,
    "contrastive_weight": 0.5,
    "linear_eval_optim": "AdamW",
    "linear_eval_learning_rate": 0.00021350270238434574,
    "linear_eval_lradj": "warmup",
    "linear_eval_weight_decay": 0.000016413821615923124,
    "linear_eval_epochs": 30,
    "pos_embed_type": "learnable",
    "token_embed_type": "conv",
    "token_embed_kernel_size": 3,
    "dropout": 0.2,
    "base_d_model": 64,
    "n_layers": 1,
    "n_heads": 2,
    "patch_len": 16,
    "stride": 16,
    "enable_channel_independence": true,
    "seq_len": 512
  }
}