{
  "avg_mse": 0.24812669075229107,
  "avg_mae": 0.3152310085893467,
  "24_mse": 0.02572064301674784,
  "24_mae": 0.11021724294427249,
  "48_mse": 0.04177382224473823,
  "48_mae": 0.1434883112404622,
  "168_mse": 0.1538637066328967,
  "168_mae": 0.27971188094880844,
  "336_mse": 0.3402854069537923,
  "336_mae": 0.4223409608737668,
  "720_mse": 0.6789898749132802,
  "720_mae": 0.6203966469394234,
  "config": {
    "pretrain_optim": "AdamW",
    "pretrain_learning_rate": 0.0004313260780216993,
    "pretrain_lradj": "type1",
    "pretrain_weight_decay": 0.000025287082048327195,
    "pretrain_epochs": 10,
    "contrastive_weight": 0.5,
    "linear_eval_optim": "AdamW",
    "linear_eval_learning_rate": 0.004313260780216993,
    "linear_eval_lradj": "type1",
    "linear_eval_weight_decay": 0.005934677263123874,
    "linear_eval_epochs": 30,
    "pos_embed_type": "fixed",
    "token_embed_type": "conv",
    "token_embed_kernel_size": 5,
    "get_i": "cls",
    "dropout": 0.05,
    "base_d_model": 32,
    "n_layers": 2,
    "n_heads": 1,
    "patch_len": 16,
    "stride": 16,
    "enable_channel_independence": true,
    "seq_len": 168
  }
}