{
  "avg_mse": 0.19906222961348666,
  "avg_mae": 0.23934560665409071,
  "24_mse": 0.10097788458675169,
  "24_mae": 0.14547172607340347,
  "48_mse": 0.12830381324849213,
  "48_mae": 0.18060583902471083,
  "168_mse": 0.1940600092357942,
  "168_mae": 0.24418561200216568,
  "336_mse": 0.2485256333682454,
  "336_mae": 0.2852637292426598,
  "720_mse": 0.3234438076281499,
  "720_mae": 0.3412011269275137,
  "config": {
    "pretrain_optim": "AdamW",
    "pretrain_learning_rate": 0.00009968298929968175,
    "pretrain_lradj": "type3",
    "pretrain_weight_decay": 0.00002339524626848013,
    "pretrain_epochs": 10,
    "contrastive_weight": 0.25,
    "linear_eval_optim": "AdamW",
    "linear_eval_learning_rate": 0.0009968298929968174,
    "linear_eval_lradj": "type3",
    "linear_eval_weight_decay": 0.0002953953189227796,
    "linear_eval_epochs": 30,
    "pos_embed_type": "none",
    "token_embed_type": "conv",
    "token_embed_kernel_size": 3,
    "get_i": "cls",
    "dropout": 0.2,
    "base_d_model": 64,
    "n_layers": 1,
    "n_heads": 1,
    "patch_len": 16,
    "stride": 16,
    "enable_channel_independence": true,
    "seq_len": 512
  }
}